{"Telegram.exe": 359.7833333333333, "Adobe Premiere Pro.exe": 0.18333333333333332, "msedge.exe": 353.1333333333333}