{"Telegram.exe": 11.066666666666697, "Adobe Premiere Pro.exe": 0.18333333333333332, "msedge.exe": 10.583333333333439, "Discord.exe": 10.566666666666771}