{"Telegram.exe": 0.33333333333333335, "Adobe Premiere Pro.exe": 0.18333333333333332}